antecedents_str,consequents_str
WHITE TRAVEL ALARM CLOCK,WHITE HANGING HEART T-LIGHT HOLDER
3 HOOK HANGER MAGIC GARDEN,60 TEATIME FAIRY CAKE CASES
60 TEATIME FAIRY CAKE CASES,3 HOOK HANGER MAGIC GARDEN
WHITE HANGING HEART T-LIGHT HOLDER,WHITE TRAVEL ALARM CLOCK
SWEETHEART CERAMIC TRINKET BOX,WHITE METAL LANTERN
WHITE METAL LANTERN,SWEETHEART CERAMIC TRINKET BOX
VINTAGE RED TEATIME MUG,SWEETHEART CERAMIC TRINKET BOX
SWEETHEART CERAMIC TRINKET BOX,VINTAGE RED TEATIME MUG
SUKI  SHOULDER BAG,VINTAGE PAISLEY STATIONERY SET
VINTAGE PAISLEY STATIONERY SET,SUKI  SHOULDER BAG
SUKI  SHOULDER BAG,VINTAGE SNAP CARDS
VINTAGE SNAP CARDS,SUKI  SHOULDER BAG
WHITE HANGING HEART T-LIGHT HOLDER,SUKI  SHOULDER BAG
SUKI  SHOULDER BAG,WHITE HANGING HEART T-LIGHT HOLDER
WHITE TRAVEL ALARM CLOCK,SUKI  SHOULDER BAG
SUKI  SHOULDER BAG,WHITE TRAVEL ALARM CLOCK
JUMBO BAG PEARS,3 HOOK HANGER MAGIC GARDEN
3 HOOK HANGER MAGIC GARDEN,JUMBO BAG PEARS
3 HOOK HANGER MAGIC GARDEN,LOVE BUILDING BLOCK WORD
LOVE BUILDING BLOCK WORD,3 HOOK HANGER MAGIC GARDEN
JUMBO BAG APPLES,3 HOOK HANGER MAGIC GARDEN
3 HOOK HANGER MAGIC GARDEN,JUMBO BAG APPLES
3 HOOK HANGER MAGIC GARDEN,JUMBO BAG CHARLIE AND LOLA TOYS
JUMBO BAG CHARLIE AND LOLA TOYS,3 HOOK HANGER MAGIC GARDEN
3 HOOK HANGER MAGIC GARDEN,JUMBO BAG DOILEY PATTERNS
JUMBO BAG DOILEY PATTERNS,3 HOOK HANGER MAGIC GARDEN
HEART WREATH DECORATION WITH BELL,3 HOOK HANGER MAGIC GARDEN
3 HOOK HANGER MAGIC GARDEN,HEART WREATH DECORATION WITH BELL
3 HOOK HANGER MAGIC GARDEN,IVORY HANGING DECORATION  HEART
IVORY HANGING DECORATION  HEART,3 HOOK HANGER MAGIC GARDEN
3 HOOK HANGER MAGIC GARDEN,JUMBO BAG 50'S CHRISTMAS
JUMBO BAG 50'S CHRISTMAS,3 HOOK HANGER MAGIC GARDEN
HANGING HEART MIRROR DECORATION,3 HOOK HANGER MAGIC GARDEN
3 HOOK HANGER MAGIC GARDEN,HANGING HEART MIRROR DECORATION
3 HOOK HANGER MAGIC GARDEN,HEART DECORATION PAINTED ZINC
HEART DECORATION PAINTED ZINC,3 HOOK HANGER MAGIC GARDEN
WHITE TRAVEL ALARM CLOCK,STRAWBERRY CERAMIC TRINKET BOX
STRAWBERRY CERAMIC TRINKET BOX,WHITE TRAVEL ALARM CLOCK
STRAWBERRY CERAMIC TRINKET BOX,VINTAGE PAISLEY STATIONERY SET
VINTAGE PAISLEY STATIONERY SET,STRAWBERRY CERAMIC TRINKET BOX
STRAWBERRY CERAMIC TRINKET BOX,VINTAGE SNAP CARDS
VINTAGE SNAP CARDS,STRAWBERRY CERAMIC TRINKET BOX
WHITE HANGING HEART T-LIGHT HOLDER,STRAWBERRY CERAMIC TRINKET BOX
STRAWBERRY CERAMIC TRINKET BOX,WHITE HANGING HEART T-LIGHT HOLDER
STRAWBERRIES  DESIGN FLANNEL,WHITE TRAVEL ALARM CLOCK
WHITE TRAVEL ALARM CLOCK,STRAWBERRIES  DESIGN FLANNEL
SUKI  SHOULDER BAG,STRAWBERRY CERAMIC TRINKET BOX
STRAWBERRY CERAMIC TRINKET BOX,SUKI  SHOULDER BAG
STRAWBERRIES  DESIGN FLANNEL,VINTAGE PAISLEY STATIONERY SET
VINTAGE PAISLEY STATIONERY SET,STRAWBERRIES  DESIGN FLANNEL
STRAWBERRIES  DESIGN FLANNEL,VINTAGE SNAP CARDS
VINTAGE SNAP CARDS,STRAWBERRIES  DESIGN FLANNEL
WHITE HANGING HEART T-LIGHT HOLDER,STRAWBERRIES  DESIGN FLANNEL
STRAWBERRIES  DESIGN FLANNEL,WHITE HANGING HEART T-LIGHT HOLDER
3 HOOK HANGER MAGIC GARDEN,SET OF 60 PANTRY DESIGN CAKE CASES
SET OF 60 PANTRY DESIGN CAKE CASES,3 HOOK HANGER MAGIC GARDEN
3 HOOK HANGER MAGIC GARDEN,SET OF 72 PINK HEART PAPER DOILIES
SET OF 72 PINK HEART PAPER DOILIES,3 HOOK HANGER MAGIC GARDEN
3 HOOK HANGER MAGIC GARDEN,RED METAL BEACH SPADE
RED METAL BEACH SPADE,3 HOOK HANGER MAGIC GARDEN
3 HOOK HANGER MAGIC GARDEN,RED RETROSPOT SHOPPER BAG
RED RETROSPOT SHOPPER BAG,3 HOOK HANGER MAGIC GARDEN
3 HOOK HANGER MAGIC GARDEN,PACK OF 60 PINK PAISLEY CAKE CASES
PACK OF 60 PINK PAISLEY CAKE CASES,3 HOOK HANGER MAGIC GARDEN
3 HOOK HANGER MAGIC GARDEN,PARTY BUNTING
PARTY BUNTING,3 HOOK HANGER MAGIC GARDEN
3 HOOK HANGER MAGIC GARDEN,PINK VINTAGE PAISLEY PICNIC BAG
PINK VINTAGE PAISLEY PICNIC BAG,3 HOOK HANGER MAGIC GARDEN
RABBIT NIGHT LIGHT,3 HOOK HANGER MAGIC GARDEN
3 HOOK HANGER MAGIC GARDEN,RABBIT NIGHT LIGHT
3 HOOK HANGER MAGIC GARDEN,NO JUNK MAIL METAL SIGN
NO JUNK MAIL METAL SIGN,3 HOOK HANGER MAGIC GARDEN
3 HOOK HANGER MAGIC GARDEN,ORIGAMI VANILLA INCENSE/CANDLE SET
ORIGAMI VANILLA INCENSE/CANDLE SET,3 HOOK HANGER MAGIC GARDEN
3 HOOK HANGER MAGIC GARDEN,PACK OF 12 STICKY BUNNIES
PACK OF 12 STICKY BUNNIES,3 HOOK HANGER MAGIC GARDEN
CARD PSYCHEDELIC APPLES,60 TEATIME FAIRY CAKE CASES
60 TEATIME FAIRY CAKE CASES,CARD PSYCHEDELIC APPLES
CARD SUKI BIRTHDAY,60 TEATIME FAIRY CAKE CASES
60 TEATIME FAIRY CAKE CASES,CARD SUKI BIRTHDAY
60 TEATIME FAIRY CAKE CASES,BLUE SAVANNAH PICNIC HAMPER FOR 2
BLUE SAVANNAH PICNIC HAMPER FOR 2,60 TEATIME FAIRY CAKE CASES
60 TEATIME FAIRY CAKE CASES,CANDY SPOT HEART DECORATION
CANDY SPOT HEART DECORATION,60 TEATIME FAIRY CAKE CASES
60 TEATIME FAIRY CAKE CASES,CARD DOLLY GIRL
CARD DOLLY GIRL,60 TEATIME FAIRY CAKE CASES
3 HOOK HANGER MAGIC GARDEN,VINTAGE  2 METER FOLDING RULER
VINTAGE  2 METER FOLDING RULER,3 HOOK HANGER MAGIC GARDEN
3 HOOK HANGER MAGIC GARDEN,SMALL CHOCOLATES PINK BOWL
SMALL CHOCOLATES PINK BOWL,3 HOOK HANGER MAGIC GARDEN
3 HOOK HANGER MAGIC GARDEN,SMALL DOLLY MIX DESIGN ORANGE BOWL
SMALL DOLLY MIX DESIGN ORANGE BOWL,3 HOOK HANGER MAGIC GARDEN
3 HOOK HANGER MAGIC GARDEN,SMALL MARSHMALLOWS PINK BOWL
SMALL MARSHMALLOWS PINK BOWL,3 HOOK HANGER MAGIC GARDEN
STRAWBERRIES  DESIGN FLANNEL,STRAWBERRY CERAMIC TRINKET BOX
STRAWBERRY CERAMIC TRINKET BOX,STRAWBERRIES  DESIGN FLANNEL
STRAWBERRIES  DESIGN FLANNEL,SUKI  SHOULDER BAG
SUKI  SHOULDER BAG,STRAWBERRIES  DESIGN FLANNEL
STAR WOODEN CHRISTMAS DECORATION,SWEETHEART CERAMIC TRINKET BOX
SWEETHEART CERAMIC TRINKET BOX,STAR WOODEN CHRISTMAS DECORATION
